[
  {
    "slug": "bangalore",
    "name": "Bangalore",
    "region": "South Karnataka",
    "title": "Used Cars in Bangalore | Alfa Motor World",
    "description": "Browse certified pre-owned cars in Bangalore — used cars in Bangalore, second hand cars Bangalore, buy used car Bangalore, sell used car Bangalore, certified used cars Bangalore, used cars near me Bangalore. Contact Alfa Motor World for inspection reports, easy finance and local pickup.",
    "keywords": ["used cars in bangalore","second hand cars bangalore","buy used car bangalore","sell used car bangalore","certified used cars bangalore","used cars near me bangalore"],
    "cta": "Browse used cars in Bangalore or get a free valuation",
    "canonical": "https://www.alfamotorworld.com/used-cars-bangalore.html",
    "sitemapPriority": 0.9
  },
  {
    "slug": "mysore",
    "name": "Mysore",
    "region": "South Karnataka",
    "title": "Used Cars in Mysore | Alfa Motor World",
    "description": "Find quality used cars in Mysore — used cars in Mysore, second hand cars Mysore, buy used car Mysore, sell used car Mysore, certified used cars Mysore. Explore pre-owned listings at Alfa Motor World and request local inspection and finance guidance.",
    "keywords": ["used cars in mysore","second hand cars mysore","buy used car mysore","sell used car mysore","certified used cars mysore","used cars near me mysore"],
    "cta": "View Mysore inventory or request a free inspection",
    "canonical": "https://www.alfamotorworld.com/used-cars-mysore.html",
    "sitemapPriority": 0.8
  },
  {
    "slug": "mandya",
    "name": "Mandya",
    "region": "South Karnataka",
    "title": "Used Cars in Mandya | Alfa Motor World",
    "description": "Buy and sell pre-owned cars in Mandya — used cars in Mandya, second hand cars Mandya, buy used car Mandya, sell used car Mandya. Get fair valuations and inspected vehicles from Alfa Motor World.",
    "keywords": ["used cars in mandya","second hand cars mandya","buy used car mandya","sell used car mandya"],
    "cta": "Explore Mandya listings or book a valuation",
    "canonical": "https://www.alfamotorworld.com/used-cars-mandya.html",
    "sitemapPriority": 0.7
  },
  {
    "slug": "chamarajanagar",
    "name": "Chamarajanagar",
    "region": "South Karnataka",
    "title": "Used Cars in Chamarajanagar | Alfa Motor World",
    "description": "Local listings and pickup services for used cars in Chamarajanagar — used cars in Chamarajanagar, second hand cars Chamarajanagar, buy used car Chamarajanagar. Trusted pre-owned car deals from Alfa Motor World.",
    "keywords": ["used cars in chamarajanagar","second hand cars chamarajanagar","buy used car chamarajanagar"],
    "cta": "See Chamarajanagar cars or request pickup",
    "canonical": "https://www.alfamotorworld.com/used-cars-chamarajanagar.html",
    "sitemapPriority": 0.6
  },
  {
    "slug": "ramanagara",
    "name": "Ramanagara",
    "region": "South Karnataka",
    "title": "Used Cars in Ramanagara | Alfa Motor World",
    "description": "Find inspected pre-owned cars in Ramanagara — used cars in Ramanagara, second hand cars Ramanagara, buy used car Ramanagara, sell used car Ramanagara. Simple financing and inspection available.",
    "keywords": ["used cars in ramanagara","second hand cars ramanagara","buy used car ramanagara","sell used car ramanagara"],
    "cta": "Browse Ramanagara listings or get a quote",
    "canonical": "https://www.alfamotorworld.com/used-cars-ramanagara.html",
    "sitemapPriority": 0.7
  },
  {
    "slug": "tumkur",
    "name": "Tumkur",
    "region": "South Karnataka",
    "title": "Used Cars in Tumkur | Alfa Motor World",
    "description": "Quality used cars in Tumkur — used cars in Tumkur, second hand cars Tumkur, buy used car Tumkur. Pickup and paperwork support available.",
    "keywords": ["used cars in tumkur","second hand cars tumkur","buy used car tumkur"],
    "cta": "View Tumkur stock or request valuation",
    "canonical": "https://www.alfamotorworld.com/used-cars-tumkur.html",
    "sitemapPriority": 0.7
  },
  {
    "slug": "kolar",
    "name": "Kolar",
    "region": "South Karnataka",
    "title": "Used Cars in Kolar | Alfa Motor World",
    "description": "Buy pre-owned cars in Kolar with assurance — used cars in Kolar, second hand cars Kolar, buy used car Kolar. Inspection reports and easy transfer services.",
    "keywords": ["used cars in kolar","second hand cars kolar","buy used car kolar"],
    "cta": "Browse Kolar listings or schedule inspection",
    "canonical": "https://www.alfamotorworld.com/used-cars-kolar.html",
    "sitemapPriority": 0.6
  },
  {
    "slug": "chikkaballapur",
    "name": "Chikkaballapur",
    "region": "South Karnataka",
    "title": "Used Cars in Chikkaballapur | Alfa Motor World",
    "description": "Local pre-owned car listings and quick valuations in Chikkaballapur — used cars in Chikkaballapur, second hand cars Chikkaballapur. Alfa Motor World makes selling simple.",
    "keywords": ["used cars in chikkaballapur","second hand cars chikkaballapur","sell used car chikkaballapur"],
    "cta": "See Chikkaballapur cars or request pickup",
    "canonical": "https://www.alfamotorworld.com/used-cars-chikkaballapur.html",
    "sitemapPriority": 0.6
  },
  {
    "slug": "hubli",
    "name": "Hubli",
    "region": "North Karnataka",
    "title": "Used Cars in Hubli | Alfa Motor World",
    "description": "Explore certified pre-owned cars in Hubli-Dharwad — used cars in Hubli, second hand cars Hubli, buy used car Hubli. Verified histories and local pickup from Alfa Motor World.",
    "keywords": ["used cars in hubli","second hand cars hubli","buy used car hubli","used cars near me hubli"],
    "cta": "Browse Hubli inventory or request inspection",
    "canonical": "https://www.alfamotorworld.com/used-cars-hubli.html",
    "sitemapPriority": 0.8
  },
  {
    "slug": "dharwad",
    "name": "Dharwad",
    "region": "North Karnataka",
    "title": "Used Cars in Dharwad | Alfa Motor World",
    "description": "Find inspected, budget-friendly used cars in Dharwad — used cars in Dharwad, second hand cars Dharwad. Local valuation and seamless paperwork with Alfa Motor World.",
    "keywords": ["used cars in dharwad","second hand cars dharwad","buy used car dharwad"],
    "cta": "View Dharwad listings or request a valuation",
    "canonical": "https://www.alfamotorworld.com/used-cars-dharwad.html",
    "sitemapPriority": 0.7
  },
  {
    "slug": "belgaum",
    "name": "Belgaum",
    "region": "North Karnataka",
    "title": "Used Cars in Belgaum | Alfa Motor World",
    "description": "Trusted pre-owned car listings in Belgaum — used cars in Belgaum, second hand cars Belgaum, certified used cars Belgaum. Inspection certificates and financing options.",
    "keywords": ["used cars in belgaum","second hand cars belgaum","certified used cars belgaum"],
    "cta": "Explore Belgaum cars or get finance help",
    "canonical": "https://www.alfamotorworld.com/used-cars-belgaum.html",
    "sitemapPriority": 0.8
  },
  {
    "slug": "bidar",
    "name": "Bidar",
    "region": "North Karnataka",
    "title": "Used Cars in Bidar | Alfa Motor World",
    "description": "Local sellers and buyers can connect for inspected pre-owned cars in Bidar — used cars in Bidar, second hand cars Bidar. Alfa Motor World helps with pickup and paperwork.",
    "keywords": ["used cars in bidar","second hand cars bidar","buy used car bidar"],
    "cta": "See Bidar inventory or schedule pickup",
    "canonical": "https://www.alfamotorworld.com/used-cars-bidar.html",
    "sitemapPriority": 0.6
  },
  {
    "slug": "raichur",
    "name": "Raichur",
    "region": "North Karnataka",
    "title": "Used Cars in Raichur | Alfa Motor World",
    "description": "Search and buy pre-owned cars in Raichur — used cars in Raichur, second hand cars Raichur. Clear inspection history and hassle-free transfers available.",
    "keywords": ["used cars in raichur","second hand cars raichur","buy used car raichur"],
    "cta": "Browse Raichur listings or request transfer help",
    "canonical": "https://www.alfamotorworld.com/used-cars-raichur.html",
    "sitemapPriority": 0.6
  },
  {
    "slug": "bagalkot",
    "name": "Bagalkot",
    "region": "North Karnataka",
    "title": "Used Cars in Bagalkot | Alfa Motor World",
    "description": "Local pre-owned car listings with valuation and pickup in Bagalkot — used cars in Bagalkot, second hand cars Bagalkot. Alfa Motor World provides inspection-backed listings.",
    "keywords": ["used cars in bagalkot","second hand cars bagalkot","buy used car bagalkot"],
    "cta": "View Bagalkot cars or book a valuation",
    "canonical": "https://www.alfamotorworld.com/used-cars-bagalkot.html",
    "sitemapPriority": 0.6
  },
  {
    "slug": "haveri",
    "name": "Haveri",
    "region": "North Karnataka",
    "title": "Used Cars in Haveri | Alfa Motor World",
    "description": "Find inspected used cars and local pickup options in Haveri — used cars in Haveri, second hand cars Haveri. Alfa Motor World lists vetted vehicles with transparent histories.",
    "keywords": ["used cars in haveri","second hand cars haveri","buy used car haveri"],
    "cta": "Explore Haveri inventory or request inspection",
    "canonical": "https://www.alfamotorworld.com/used-cars-haveri.html",
    "sitemapPriority": 0.6
  },
  {
    "slug": "koppal",
    "name": "Koppal",
    "region": "North Karnataka",
    "title": "Used Cars in Koppal | Alfa Motor World",
    "description": "Buy and sell pre-owned cars in Koppal — used cars in Koppal, second hand cars Koppal. Inspection-backed listings and easy transfers available.",
    "keywords": ["used cars in koppal","second hand cars koppal","buy used car koppal"],
    "cta": "See Koppal listings or request valuation",
    "canonical": "https://www.alfamotorworld.com/used-cars-koppal.html",
    "sitemapPriority": 0.6
  },
  {
    "slug": "bellary",
    "name": "Bellary",
    "region": "North Karnataka",
    "title": "Used Cars in Bellary | Alfa Motor World",
    "description": "Explore vetted pre-owned cars in Bellary — used cars in Bellary, second hand cars Bellary. Valuation support and local pickup available.",
    "keywords": ["used cars in bellary","second hand cars bellary","buy used car bellary"],
    "cta": "Browse Bellary inventory or request pickup",
    "canonical": "https://www.alfamotorworld.com/used-cars-bellary.html",
    "sitemapPriority": 0.6
  },
  {
    "slug": "gadag",
    "name": "Gadag",
    "region": "North Karnataka",
    "title": "Used Cars in Gadag | Alfa Motor World",
    "description": "Local used car listings in Gadag with inspection details and financing guidance — used cars in Gadag, second hand cars Gadag. Alfa Motor World supports pickup and transfer.",
    "keywords": ["used cars in gadag","second hand cars gadag","buy used car gadag"],
    "cta": "View Gadag cars or get finance help",
    "canonical": "https://www.alfamotorworld.com/used-cars-gadag.html",
    "sitemapPriority": 0.6
  },
  {
    "slug": "mangalore",
    "name": "Mangalore",
    "region": "Coastal Karnataka",
    "title": "Used Cars in Mangalore | Alfa Motor World",
    "description": "Coastal vehicle listings in Mangalore — used cars in Mangalore, second hand cars Mangalore, buy used car Mangalore. Clear histories and local pickup from Alfa Motor World.",
    "keywords": ["used cars in mangalore","second hand cars mangalore","buy used car mangalore"],
    "cta": "Browse Mangalore listings or request inspection",
    "canonical": "https://www.alfamotorworld.com/used-cars-mangalore.html",
    "sitemapPriority": 0.8
  },
  {
    "slug": "udupi",
    "name": "Udupi",
    "region": "Coastal Karnataka",
    "title": "Used Cars in Udupi | Alfa Motor World",
    "description": "Buy inspected pre-owned cars in Udupi — used cars in Udupi, second hand cars Udupi. Alfa Motor World offers local pickup and financing options.",
    "keywords": ["used cars in udupi","second hand cars udupi","buy used car udupi"],
    "cta": "See Udupi inventory or get a valuation",
    "canonical": "https://www.alfamotorworld.com/used-cars-udupi.html",
    "sitemapPriority": 0.7
  },
  {
    "slug": "karwar",
    "name": "Karwar",
    "region": "Coastal Karnataka",
    "title": "Used Cars in Karwar | Alfa Motor World",
    "description": "Local listings and pickup for pre-owned cars in Karwar — used cars in Karwar, second hand cars Karwar. Alfa Motor World connects buyers and sellers.",
    "keywords": ["used cars in karwar","second hand cars karwar","buy used car karwar"],
    "cta": "Browse Karwar cars or schedule inspection",
    "canonical": "https://www.alfamotorworld.com/used-cars-karwar.html",
    "sitemapPriority": 0.6
  },
  {
    "slug": "kundapura",
    "name": "Kundapura",
    "region": "Coastal Karnataka",
    "title": "Used Cars in Kundapura | Alfa Motor World",
    "description": "Find pre-owned cars in Kundapura with transparent histories and local pickup support — used cars in Kundapura, second hand cars Kundapura. Alfa Motor World lists vetted vehicles.",
    "keywords": ["used cars in kundapura","second hand cars kundapura","buy used car kundapura"],
    "cta": "View Kundapura listings or request pickup",
    "canonical": "https://www.alfamotorworld.com/used-cars-kundapura.html",
    "sitemapPriority": 0.6
  },
  {
    "slug": "bhatkal",
    "name": "Bhatkal",
    "region": "Coastal Karnataka",
    "title": "Used Cars in Bhatkal | Alfa Motor World",
    "description": "Local pre-owned car listings and valuation services in Bhatkal — used cars in Bhatkal, second hand cars Bhatkal. Alfa Motor World helps sellers connect with buyers.",
    "keywords": ["used cars in bhatkal","second hand cars bhatkal","buy used car bhatkal"],
    "cta": "Browse Bhatkal inventory or book valuation",
    "canonical": "https://www.alfamotorworld.com/used-cars-bhatkal.html",
    "sitemapPriority": 0.5
  },
  {
    "slug": "honnavar",
    "name": "Honnavar",
    "region": "Coastal Karnataka",
    "title": "Used Cars in Honnavar | Alfa Motor World",
    "description": "Inspect, list and sell pre-owned cars in Honnavar — used cars in Honnavar, second hand cars Honnavar. Alfa Motor World’s regional team provides pickup and paperwork support.",
    "keywords": ["used cars in honnavar","second hand cars honnavar","buy used car honnavar"],
    "cta": "See Honnavar cars or request pickup",
    "canonical": "https://www.alfamotorworld.com/used-cars-honnavar.html",
    "sitemapPriority": 0.5
  },
  {
    "slug": "davangere",
    "name": "Davangere",
    "region": "Central Karnataka",
    "title": "Used Cars in Davangere | Alfa Motor World",
    "description": "Find reliable pre-owned cars in Davangere — used cars in Davangere, second hand cars Davangere. Inspection reports and transfer assistance available from Alfa Motor World.",
    "keywords": ["used cars in davangere","second hand cars davangere","buy used car davangere"],
    "cta": "Browse Davangere listings or request valuation",
    "canonical": "https://www.alfamotorworld.com/used-cars-davangere.html",
    "sitemapPriority": 0.7
  },
  {
    "slug": "shimoga",
    "name": "Shimoga",
    "region": "Central Karnataka",
    "title": "Used Cars in Shimoga | Alfa Motor World",
    "description": "Buy inspected pre-owned cars in Shimoga — used cars in Shimoga, second hand cars Shimoga. Local valuation and pickup services from Alfa Motor World.",
    "keywords": ["used cars in shimoga","second hand cars shimoga","buy used car shimoga"],
    "cta": "View Shimoga inventory or schedule inspection",
    "canonical": "https://www.alfamotorworld.com/used-cars-shimoga.html",
    "sitemapPriority": 0.7
  },
  {
    "slug": "chitradurga",
    "name": "Chitradurga",
    "region": "Central Karnataka",
    "title": "Used Cars in Chitradurga | Alfa Motor World",
    "description": "Explore pre-owned car listings in Chitradurga — used cars in Chitradurga, second hand cars Chitradurga. Alfa Motor World lists vehicles with transparent inspection histories.",
    "keywords": ["used cars in chitradurga","second hand cars chitradurga","buy used car chitradurga"],
    "cta": "Browse Chitradurga cars or request valuation",
    "canonical": "https://www.alfamotorworld.com/used-cars-chitradurga.html",
    "sitemapPriority": 0.6
  },
  {
    "slug": "hassan",
    "name": "Hassan",
    "region": "Central Karnataka",
    "title": "Used Cars in Hassan | Alfa Motor World",
    "description": "Verified pre-owned car listings in Hassan — used cars in Hassan, second hand cars Hassan. Local pickup and easy documentation with Alfa Motor World.",
    "keywords": ["used cars in hassan","second hand cars hassan","buy used car hassan"],
    "cta": "View Hassan listings or book inspection",
    "canonical": "https://www.alfamotorworld.com/used-cars-hassan.html",
    "sitemapPriority": 0.7
  },
  {
    "slug": "chikmagalur",
    "name": "Chikmagalur",
    "region": "Central Karnataka",
    "title": "Used Cars in Chikmagalur | Alfa Motor World",
    "description": "Find well-maintained pre-owned cars in Chikmagalur — used cars in Chikmagalur, second hand cars Chikmagalur. Inspection reports and local pickup available.",
    "keywords": ["used cars in chikmagalur","second hand cars chikmagalur","buy used car chikmagalur"],
    "cta": "Browse Chikmagalur cars or request inspection",
    "canonical": "https://www.alfamotorworld.com/used-cars-chikmagalur.html",
    "sitemapPriority": 0.6
  },
  {
    "slug": "kodagu",
    "name": "Kodagu",
    "region": "Central Karnataka",
    "title": "Used Cars in Kodagu | Alfa Motor World",
    "description": "Local listings and valuation services for pre-owned cars in Kodagu — used cars in Kodagu, second hand cars Kodagu. Alfa Motor World supports pickup and inspections.",
    "keywords": ["used cars in kodagu","second hand cars kodagu","buy used car kodagu"],
    "cta": "See Kodagu inventory or book a valuation",
    "canonical": "https://www.alfamotorworld.com/used-cars-kodagu.html",
    "sitemapPriority": 0.6
  }
]
